file_id,path
AABQ4665_part_1,dna_audio_src1
AABQ4665_part_10,dna_audio_src1
AABQ4665_part_11,dna_audio_src1
AABQ4665_part_12,dna_audio_src1
AABQ4665_part_2,dna_audio_src1
AABQ4665_part_3,dna_audio_src1
AABQ4665_part_4,dna_audio_src1
AABQ4665_part_5,dna_audio_src1
AABQ4665_part_6,dna_audio_src1
AABQ4665_part_7,dna_audio_src1
AABQ4665_part_8,dna_audio_src1
AABQ4665_part_9,dna_audio_src1
AHPS0866_part_1,dna_audio_src1
AHPS0866_part_2,dna_audio_src1
AHPS0866_part_3,dna_audio_src1
AHPS0866_part_4,dna_audio_src1
AHPS0866_part_5,dna_audio_src1
AHPS0866_part_6,dna_audio_src1
AHPS0866_part_7,dna_audio_src1
BSOV8976_part_1,dna_audio_src1
BSOV8976_part_10,dna_audio_src1
BSOV8976_part_11,dna_audio_src1
BSOV8976_part_12,dna_audio_src1
BSOV8976_part_2,dna_audio_src1
BSOV8976_part_3,dna_audio_src1
BSOV8976_part_4,dna_audio_src1
BSOV8976_part_5,dna_audio_src1
BSOV8976_part_6,dna_audio_src1
BSOV8976_part_7,dna_audio_src1
BSOV8976_part_8,dna_audio_src1
BSOV8976_part_9,dna_audio_src1
BWOW4174_part_1,dna_audio_src1
BWOW4174_part_10,dna_audio_src1
BWOW4174_part_11,dna_audio_src1
BWOW4174_part_12,dna_audio_src1
BWOW4174_part_2,dna_audio_src1
BWOW4174_part_3,dna_audio_src1
BWOW4174_part_4,dna_audio_src1
BWOW4174_part_5,dna_audio_src1
BWOW4174_part_6,dna_audio_src1
BWOW4174_part_7,dna_audio_src1
BWOW4174_part_8,dna_audio_src1
BWOW4174_part_9,dna_audio_src1
CRPH2245_part_1,dna_audio_src1
CRPH2245_part_10,dna_audio_src1
CRPH2245_part_11,dna_audio_src1
CRPH2245_part_12,dna_audio_src1
CRPH2245_part_2,dna_audio_src1
CRPH2245_part_3,dna_audio_src1
CRPH2245_part_4,dna_audio_src1
CRPH2245_part_5,dna_audio_src1
CRPH2245_part_6,dna_audio_src1
CRPH2245_part_7,dna_audio_src1
CRPH2245_part_8,dna_audio_src1
CRPH2245_part_9,dna_audio_src1
DJMX8117_part_1,dna_audio_src1
DJMX8117_part_10,dna_audio_src1
DJMX8117_part_11,dna_audio_src1
DJMX8117_part_12,dna_audio_src1
DJMX8117_part_2,dna_audio_src1
DJMX8117_part_3,dna_audio_src1
DJMX8117_part_4,dna_audio_src1
DJMX8117_part_5,dna_audio_src1
DJMX8117_part_6,dna_audio_src1
DJMX8117_part_7,dna_audio_src1
DJMX8117_part_8,dna_audio_src1
DJMX8117_part_9,dna_audio_src1
EBUZ3493_part_1,dna_audio_src1
EBUZ3493_part_10,dna_audio_src1
EBUZ3493_part_11,dna_audio_src1
EBUZ3493_part_12,dna_audio_src1
EBUZ3493_part_2,dna_audio_src1
EBUZ3493_part_3,dna_audio_src1
EBUZ3493_part_4,dna_audio_src1
EBUZ3493_part_5,dna_audio_src1
EBUZ3493_part_6,dna_audio_src1
EBUZ3493_part_7,dna_audio_src1
EBUZ3493_part_8,dna_audio_src1
EBUZ3493_part_9,dna_audio_src1
EGFA9137_part_1,dna_audio_src1
EGFA9137_part_10,dna_audio_src1
EGFA9137_part_11,dna_audio_src1
EGFA9137_part_12,dna_audio_src1
EGFA9137_part_2,dna_audio_src1
EGFA9137_part_3,dna_audio_src1
EGFA9137_part_4,dna_audio_src1
EGFA9137_part_5,dna_audio_src1
EGFA9137_part_6,dna_audio_src1
EGFA9137_part_7,dna_audio_src1
EGFA9137_part_8,dna_audio_src1
EGFA9137_part_9,dna_audio_src1
GFTK7900_part_1,dna_audio_src1
GFTK7900_part_2,dna_audio_src1
GFTK7900_part_3,dna_audio_src1
GFTK7900_part_4,dna_audio_src1
GFTK7900_part_5,dna_audio_src1
GFTK7900_part_6,dna_audio_src1
GGGD4060_part_1,dna_audio_src1
GGGD4060_part_10,dna_audio_src1
GGGD4060_part_11,dna_audio_src1
GGGD4060_part_12,dna_audio_src1
GGGD4060_part_2,dna_audio_src1
GGGD4060_part_3,dna_audio_src1
GGGD4060_part_4,dna_audio_src1
GGGD4060_part_5,dna_audio_src1
GGGD4060_part_6,dna_audio_src1
GGGD4060_part_7,dna_audio_src1
GGGD4060_part_8,dna_audio_src1
GGGD4060_part_9,dna_audio_src1
GGQB8658_part_1,dna_audio_src1
GGQB8658_part_10,dna_audio_src1
GGQB8658_part_11,dna_audio_src1
GGQB8658_part_12,dna_audio_src1
GGQB8658_part_2,dna_audio_src1
GGQB8658_part_3,dna_audio_src1
GGQB8658_part_4,dna_audio_src1
GGQB8658_part_5,dna_audio_src1
GGQB8658_part_6,dna_audio_src1
GGQB8658_part_7,dna_audio_src1
GGQB8658_part_8,dna_audio_src1
GGQB8658_part_9,dna_audio_src1
GVNK3001_part_1,dna_audio_src1
GVNK3001_part_10,dna_audio_src1
GVNK3001_part_11,dna_audio_src1
GVNK3001_part_12,dna_audio_src1
GVNK3001_part_2,dna_audio_src1
GVNK3001_part_3,dna_audio_src1
GVNK3001_part_4,dna_audio_src1
GVNK3001_part_5,dna_audio_src1
GVNK3001_part_6,dna_audio_src1
GVNK3001_part_7,dna_audio_src1
GVNK3001_part_8,dna_audio_src1
GVNK3001_part_9,dna_audio_src1
GXTB3749_part_1,dna_audio_src1
GXTB3749_part_10,dna_audio_src1
GXTB3749_part_11,dna_audio_src1
GXTB3749_part_12,dna_audio_src1
GXTB3749_part_2,dna_audio_src1
GXTB3749_part_3,dna_audio_src1
GXTB3749_part_4,dna_audio_src1
GXTB3749_part_5,dna_audio_src1
GXTB3749_part_6,dna_audio_src1
GXTB3749_part_7,dna_audio_src1
GXTB3749_part_8,dna_audio_src1
GXTB3749_part_9,dna_audio_src1
JNYP1457_part_1,dna_audio_src1
JNYP1457_part_10,dna_audio_src1
JNYP1457_part_2,dna_audio_src1
JNYP1457_part_3,dna_audio_src1
JNYP1457_part_4,dna_audio_src1
JNYP1457_part_5,dna_audio_src1
JNYP1457_part_6,dna_audio_src1
JNYP1457_part_7,dna_audio_src1
JNYP1457_part_8,dna_audio_src1
JNYP1457_part_9,dna_audio_src1
LGSP5787_part_1,dna_audio_src1
LGSP5787_part_10,dna_audio_src1
LGSP5787_part_11,dna_audio_src1
LGSP5787_part_12,dna_audio_src1
LGSP5787_part_2,dna_audio_src1
LGSP5787_part_3,dna_audio_src1
LGSP5787_part_4,dna_audio_src1
LGSP5787_part_5,dna_audio_src1
LGSP5787_part_6,dna_audio_src1
LGSP5787_part_7,dna_audio_src1
LGSP5787_part_8,dna_audio_src1
LGSP5787_part_9,dna_audio_src1
MPIO5209_part_1,dna_audio_src1
MPIO5209_part_10,dna_audio_src1
MPIO5209_part_11,dna_audio_src1
MPIO5209_part_12,dna_audio_src1
MPIO5209_part_2,dna_audio_src1
MPIO5209_part_3,dna_audio_src1
MPIO5209_part_4,dna_audio_src1
MPIO5209_part_5,dna_audio_src1
MPIO5209_part_6,dna_audio_src1
MPIO5209_part_7,dna_audio_src1
MPIO5209_part_8,dna_audio_src1
MPIO5209_part_9,dna_audio_src1
NTLS3785_part_1,dna_audio_src1
NTLS3785_part_2,dna_audio_src1
NTLS3785_part_3,dna_audio_src1
NTLS3785_part_4,dna_audio_src1
NTLS3785_part_5,dna_audio_src1
PGCJ2399_part_1,dna_audio_src1
PGCJ2399_part_10,dna_audio_src1
PGCJ2399_part_11,dna_audio_src1
PGCJ2399_part_12,dna_audio_src1
PGCJ2399_part_2,dna_audio_src1
PGCJ2399_part_3,dna_audio_src1
PGCJ2399_part_4,dna_audio_src1
PGCJ2399_part_5,dna_audio_src1
PGCJ2399_part_6,dna_audio_src1
PGCJ2399_part_7,dna_audio_src1
PGCJ2399_part_8,dna_audio_src1
PGCJ2399_part_9,dna_audio_src1
PKGV1686_part_1,dna_audio_src1
PKGV1686_part_10,dna_audio_src1
PKGV1686_part_11,dna_audio_src1
PKGV1686_part_12,dna_audio_src1
PKGV1686_part_2,dna_audio_src1
PKGV1686_part_3,dna_audio_src1
PKGV1686_part_4,dna_audio_src1
PKGV1686_part_5,dna_audio_src1
PKGV1686_part_6,dna_audio_src1
PKGV1686_part_7,dna_audio_src1
PKGV1686_part_8,dna_audio_src1
PKGV1686_part_9,dna_audio_src1
QNHO4516_part_1,dna_audio_src1
QNHO4516_part_2,dna_audio_src1
QNHO4516_part_3,dna_audio_src1
RKDT3696_part_1,dna_audio_src1
RKDT3696_part_10,dna_audio_src1
RKDT3696_part_11,dna_audio_src1
RKDT3696_part_12,dna_audio_src1
RKDT3696_part_2,dna_audio_src1
RKDT3696_part_3,dna_audio_src1
RKDT3696_part_4,dna_audio_src1
RKDT3696_part_5,dna_audio_src1
RKDT3696_part_6,dna_audio_src1
RKDT3696_part_7,dna_audio_src1
RKDT3696_part_8,dna_audio_src1
RKDT3696_part_9,dna_audio_src1
SONI1867_part_1,dna_audio_src1
SONI1867_part_10,dna_audio_src1
SONI1867_part_11,dna_audio_src1
SONI1867_part_12,dna_audio_src1
SONI1867_part_2,dna_audio_src1
SONI1867_part_3,dna_audio_src1
SONI1867_part_4,dna_audio_src1
SONI1867_part_5,dna_audio_src1
SONI1867_part_6,dna_audio_src1
SONI1867_part_7,dna_audio_src1
SONI1867_part_8,dna_audio_src1
SONI1867_part_9,dna_audio_src1
SUXB7362_part_1,dna_audio_src1
SUXB7362_part_10,dna_audio_src1
SUXB7362_part_11,dna_audio_src1
SUXB7362_part_12,dna_audio_src1
SUXB7362_part_2,dna_audio_src1
SUXB7362_part_3,dna_audio_src1
SUXB7362_part_4,dna_audio_src1
SUXB7362_part_5,dna_audio_src1
SUXB7362_part_6,dna_audio_src1
SUXB7362_part_7,dna_audio_src1
SUXB7362_part_8,dna_audio_src1
SUXB7362_part_9,dna_audio_src1
TMQU3625_part_1,dna_audio_src1
TMQU3625_part_2,dna_audio_src1
TMQU3625_part_3,dna_audio_src1
TMQU3625_part_4,dna_audio_src1
TMQU3625_part_5,dna_audio_src1
TMQU3625_part_6,dna_audio_src1
TMQU3625_part_7,dna_audio_src1
TMQU3625_part_8,dna_audio_src1
TOXJ4670_part_1,dna_audio_src1
TOXJ4670_part_10,dna_audio_src1
TOXJ4670_part_11,dna_audio_src1
TOXJ4670_part_12,dna_audio_src1
TOXJ4670_part_2,dna_audio_src1
TOXJ4670_part_3,dna_audio_src1
TOXJ4670_part_4,dna_audio_src1
TOXJ4670_part_5,dna_audio_src1
TOXJ4670_part_6,dna_audio_src1
TOXJ4670_part_7,dna_audio_src1
TOXJ4670_part_8,dna_audio_src1
TOXJ4670_part_9,dna_audio_src1
UAJO7998_part_1,dna_audio_src1
UAJO7998_part_10,dna_audio_src1
UAJO7998_part_11,dna_audio_src1
UAJO7998_part_12,dna_audio_src1
UAJO7998_part_2,dna_audio_src1
UAJO7998_part_3,dna_audio_src1
UAJO7998_part_4,dna_audio_src1
UAJO7998_part_5,dna_audio_src1
UAJO7998_part_6,dna_audio_src1
UAJO7998_part_7,dna_audio_src1
UAJO7998_part_8,dna_audio_src1
UAJO7998_part_9,dna_audio_src1
UWBQ4185_part_1,dna_audio_src1
UWBQ4185_part_10,dna_audio_src1
UWBQ4185_part_11,dna_audio_src1
UWBQ4185_part_12,dna_audio_src1
UWBQ4185_part_2,dna_audio_src1
UWBQ4185_part_3,dna_audio_src1
UWBQ4185_part_4,dna_audio_src1
UWBQ4185_part_5,dna_audio_src1
UWBQ4185_part_6,dna_audio_src1
UWBQ4185_part_7,dna_audio_src1
UWBQ4185_part_8,dna_audio_src1
UWBQ4185_part_9,dna_audio_src1
VSVX4492_part_1,dna_audio_src1
VSVX4492_part_10,dna_audio_src1
VSVX4492_part_11,dna_audio_src1
VSVX4492_part_12,dna_audio_src1
VSVX4492_part_2,dna_audio_src1
VSVX4492_part_3,dna_audio_src1
VSVX4492_part_4,dna_audio_src1
VSVX4492_part_5,dna_audio_src1
VSVX4492_part_6,dna_audio_src1
VSVX4492_part_7,dna_audio_src1
VSVX4492_part_8,dna_audio_src1
VSVX4492_part_9,dna_audio_src1
WJKB7845_part_1,dna_audio_src1
WJKB7845_part_10,dna_audio_src1
WJKB7845_part_11,dna_audio_src1
WJKB7845_part_12,dna_audio_src1
WJKB7845_part_2,dna_audio_src1
WJKB7845_part_3,dna_audio_src1
WJKB7845_part_4,dna_audio_src1
WJKB7845_part_5,dna_audio_src1
WJKB7845_part_6,dna_audio_src1
WJKB7845_part_7,dna_audio_src1
WJKB7845_part_8,dna_audio_src1
WJKB7845_part_9,dna_audio_src1
XBEN9916_part_1,dna_audio_src1
XBEN9916_part_10,dna_audio_src1
XBEN9916_part_11,dna_audio_src1
XBEN9916_part_12,dna_audio_src1
XBEN9916_part_2,dna_audio_src1
XBEN9916_part_3,dna_audio_src1
XBEN9916_part_4,dna_audio_src1
XBEN9916_part_5,dna_audio_src1
XBEN9916_part_6,dna_audio_src1
XBEN9916_part_7,dna_audio_src1
XBEN9916_part_8,dna_audio_src1
XBEN9916_part_9,dna_audio_src1
VID_20230905_220841_00_010_part_1,dna_audio_src2
VID_20230905_220841_00_010_part_10,dna_audio_src2
VID_20230905_220841_00_010_part_11,dna_audio_src2
VID_20230905_220841_00_010_part_12,dna_audio_src2
VID_20230905_220841_00_010_part_13,dna_audio_src2
VID_20230905_220841_00_010_part_14,dna_audio_src2
VID_20230905_220841_00_010_part_15,dna_audio_src2
VID_20230905_220841_00_010_part_16,dna_audio_src2
VID_20230905_220841_00_010_part_17,dna_audio_src2
VID_20230905_220841_00_010_part_18,dna_audio_src2
VID_20230905_220841_00_010_part_19,dna_audio_src2
VID_20230905_220841_00_010_part_2,dna_audio_src2
VID_20230905_220841_00_010_part_20,dna_audio_src2
VID_20230905_220841_00_010_part_21,dna_audio_src2
VID_20230905_220841_00_010_part_22,dna_audio_src2
VID_20230905_220841_00_010_part_23,dna_audio_src2
VID_20230905_220841_00_010_part_24,dna_audio_src2
VID_20230905_220841_00_010_part_25,dna_audio_src2
VID_20230905_220841_00_010_part_26,dna_audio_src2
VID_20230905_220841_00_010_part_27,dna_audio_src2
VID_20230905_220841_00_010_part_28,dna_audio_src2
VID_20230905_220841_00_010_part_29,dna_audio_src2
VID_20230905_220841_00_010_part_3,dna_audio_src2
VID_20230905_220841_00_010_part_30,dna_audio_src2
VID_20230905_220841_00_010_part_31,dna_audio_src2
VID_20230905_220841_00_010_part_4,dna_audio_src2
VID_20230905_220841_00_010_part_5,dna_audio_src2
VID_20230905_220841_00_010_part_6,dna_audio_src2
VID_20230905_220841_00_010_part_7,dna_audio_src2
VID_20230905_220841_00_010_part_8,dna_audio_src2
VID_20230905_220841_00_010_part_9,dna_audio_src2
VID_20230905_221158_00_011_part_1,dna_audio_src2
VID_20230905_221158_00_011_part_10,dna_audio_src2
VID_20230905_221158_00_011_part_100,dna_audio_src2
VID_20230905_221158_00_011_part_101,dna_audio_src2
VID_20230905_221158_00_011_part_102,dna_audio_src2
VID_20230905_221158_00_011_part_103,dna_audio_src2
VID_20230905_221158_00_011_part_104,dna_audio_src2
VID_20230905_221158_00_011_part_105,dna_audio_src2
VID_20230905_221158_00_011_part_106,dna_audio_src2
VID_20230905_221158_00_011_part_107,dna_audio_src2
VID_20230905_221158_00_011_part_108,dna_audio_src2
VID_20230905_221158_00_011_part_109,dna_audio_src2
VID_20230905_221158_00_011_part_11,dna_audio_src2
VID_20230905_221158_00_011_part_110,dna_audio_src2
VID_20230905_221158_00_011_part_111,dna_audio_src2
VID_20230905_221158_00_011_part_112,dna_audio_src2
VID_20230905_221158_00_011_part_113,dna_audio_src2
VID_20230905_221158_00_011_part_114,dna_audio_src2
VID_20230905_221158_00_011_part_115,dna_audio_src2
VID_20230905_221158_00_011_part_116,dna_audio_src2
VID_20230905_221158_00_011_part_117,dna_audio_src2
VID_20230905_221158_00_011_part_118,dna_audio_src2
VID_20230905_221158_00_011_part_119,dna_audio_src2
VID_20230905_221158_00_011_part_12,dna_audio_src2
VID_20230905_221158_00_011_part_120,dna_audio_src2
VID_20230905_221158_00_011_part_121,dna_audio_src2
VID_20230905_221158_00_011_part_122,dna_audio_src2
VID_20230905_221158_00_011_part_123,dna_audio_src2
VID_20230905_221158_00_011_part_124,dna_audio_src2
VID_20230905_221158_00_011_part_125,dna_audio_src2
VID_20230905_221158_00_011_part_126,dna_audio_src2
VID_20230905_221158_00_011_part_127,dna_audio_src2
VID_20230905_221158_00_011_part_128,dna_audio_src2
VID_20230905_221158_00_011_part_129,dna_audio_src2
VID_20230905_221158_00_011_part_13,dna_audio_src2
VID_20230905_221158_00_011_part_130,dna_audio_src2
VID_20230905_221158_00_011_part_131,dna_audio_src2
VID_20230905_221158_00_011_part_132,dna_audio_src2
VID_20230905_221158_00_011_part_133,dna_audio_src2
VID_20230905_221158_00_011_part_134,dna_audio_src2
VID_20230905_221158_00_011_part_135,dna_audio_src2
VID_20230905_221158_00_011_part_136,dna_audio_src2
VID_20230905_221158_00_011_part_137,dna_audio_src2
VID_20230905_221158_00_011_part_138,dna_audio_src2
VID_20230905_221158_00_011_part_139,dna_audio_src2
VID_20230905_221158_00_011_part_14,dna_audio_src2
VID_20230905_221158_00_011_part_15,dna_audio_src2
VID_20230905_221158_00_011_part_16,dna_audio_src2
VID_20230905_221158_00_011_part_17,dna_audio_src2
VID_20230905_221158_00_011_part_18,dna_audio_src2
VID_20230905_221158_00_011_part_19,dna_audio_src2
VID_20230905_221158_00_011_part_2,dna_audio_src2
VID_20230905_221158_00_011_part_20,dna_audio_src2
VID_20230905_221158_00_011_part_21,dna_audio_src2
VID_20230905_221158_00_011_part_22,dna_audio_src2
VID_20230905_221158_00_011_part_23,dna_audio_src2
VID_20230905_221158_00_011_part_24,dna_audio_src2
VID_20230905_221158_00_011_part_25,dna_audio_src2
VID_20230905_221158_00_011_part_26,dna_audio_src2
VID_20230905_221158_00_011_part_27,dna_audio_src2
VID_20230905_221158_00_011_part_28,dna_audio_src2
VID_20230905_221158_00_011_part_29,dna_audio_src2
VID_20230905_221158_00_011_part_3,dna_audio_src2
VID_20230905_221158_00_011_part_30,dna_audio_src2
VID_20230905_221158_00_011_part_31,dna_audio_src2
VID_20230905_221158_00_011_part_32,dna_audio_src2
VID_20230905_221158_00_011_part_33,dna_audio_src2
VID_20230905_221158_00_011_part_34,dna_audio_src2
VID_20230905_221158_00_011_part_35,dna_audio_src2
VID_20230905_221158_00_011_part_36,dna_audio_src2
VID_20230905_221158_00_011_part_37,dna_audio_src2
VID_20230905_221158_00_011_part_38,dna_audio_src2
VID_20230905_221158_00_011_part_39,dna_audio_src2
VID_20230905_221158_00_011_part_4,dna_audio_src2
VID_20230905_221158_00_011_part_40,dna_audio_src2
VID_20230905_221158_00_011_part_41,dna_audio_src2
VID_20230905_221158_00_011_part_42,dna_audio_src2
VID_20230905_221158_00_011_part_43,dna_audio_src2
VID_20230905_221158_00_011_part_44,dna_audio_src2
VID_20230905_221158_00_011_part_45,dna_audio_src2
VID_20230905_221158_00_011_part_46,dna_audio_src2
VID_20230905_221158_00_011_part_47,dna_audio_src2
VID_20230905_221158_00_011_part_48,dna_audio_src2
VID_20230905_221158_00_011_part_49,dna_audio_src2
VID_20230905_221158_00_011_part_5,dna_audio_src2
VID_20230905_221158_00_011_part_50,dna_audio_src2
VID_20230905_221158_00_011_part_51,dna_audio_src2
VID_20230905_221158_00_011_part_52,dna_audio_src2
VID_20230905_221158_00_011_part_53,dna_audio_src2
VID_20230905_221158_00_011_part_54,dna_audio_src2
VID_20230905_221158_00_011_part_55,dna_audio_src2
VID_20230905_221158_00_011_part_56,dna_audio_src2
VID_20230905_221158_00_011_part_57,dna_audio_src2
VID_20230905_221158_00_011_part_58,dna_audio_src2
VID_20230905_221158_00_011_part_59,dna_audio_src2
VID_20230905_221158_00_011_part_6,dna_audio_src2
VID_20230905_221158_00_011_part_60,dna_audio_src2
VID_20230905_221158_00_011_part_61,dna_audio_src2
VID_20230905_221158_00_011_part_62,dna_audio_src2
VID_20230905_221158_00_011_part_63,dna_audio_src2
VID_20230905_221158_00_011_part_64,dna_audio_src2
VID_20230905_221158_00_011_part_65,dna_audio_src2
VID_20230905_221158_00_011_part_66,dna_audio_src2
VID_20230905_221158_00_011_part_67,dna_audio_src2
VID_20230905_221158_00_011_part_68,dna_audio_src2
VID_20230905_221158_00_011_part_69,dna_audio_src2
VID_20230905_221158_00_011_part_7,dna_audio_src2
VID_20230905_221158_00_011_part_70,dna_audio_src2
VID_20230905_221158_00_011_part_71,dna_audio_src2
VID_20230905_221158_00_011_part_72,dna_audio_src2
VID_20230905_221158_00_011_part_73,dna_audio_src2
VID_20230905_221158_00_011_part_74,dna_audio_src2
VID_20230905_221158_00_011_part_75,dna_audio_src2
VID_20230905_221158_00_011_part_76,dna_audio_src2
VID_20230905_221158_00_011_part_77,dna_audio_src2
VID_20230905_221158_00_011_part_78,dna_audio_src2
VID_20230905_221158_00_011_part_79,dna_audio_src2
VID_20230905_221158_00_011_part_8,dna_audio_src2
VID_20230905_221158_00_011_part_80,dna_audio_src2
VID_20230905_221158_00_011_part_81,dna_audio_src2
VID_20230905_221158_00_011_part_82,dna_audio_src2
VID_20230905_221158_00_011_part_83,dna_audio_src2
VID_20230905_221158_00_011_part_84,dna_audio_src2
VID_20230905_221158_00_011_part_85,dna_audio_src2
VID_20230905_221158_00_011_part_86,dna_audio_src2
VID_20230905_221158_00_011_part_87,dna_audio_src2
VID_20230905_221158_00_011_part_88,dna_audio_src2
VID_20230905_221158_00_011_part_89,dna_audio_src2
VID_20230905_221158_00_011_part_9,dna_audio_src2
VID_20230905_221158_00_011_part_90,dna_audio_src2
VID_20230905_221158_00_011_part_91,dna_audio_src2
VID_20230905_221158_00_011_part_92,dna_audio_src2
VID_20230905_221158_00_011_part_93,dna_audio_src2
VID_20230905_221158_00_011_part_94,dna_audio_src2
VID_20230905_221158_00_011_part_95,dna_audio_src2
VID_20230905_221158_00_011_part_96,dna_audio_src2
VID_20230905_221158_00_011_part_97,dna_audio_src2
VID_20230905_221158_00_011_part_98,dna_audio_src2
VID_20230905_221158_00_011_part_99,dna_audio_src2
VID_20230905_224543_00_001_part_1,dna_audio_src2
VID_20230905_224543_00_001_part_10,dna_audio_src2
VID_20230905_224543_00_001_part_100,dna_audio_src2
VID_20230905_224543_00_001_part_101,dna_audio_src2
VID_20230905_224543_00_001_part_11,dna_audio_src2
VID_20230905_224543_00_001_part_12,dna_audio_src2
VID_20230905_224543_00_001_part_13,dna_audio_src2
VID_20230905_224543_00_001_part_14,dna_audio_src2
VID_20230905_224543_00_001_part_15,dna_audio_src2
VID_20230905_224543_00_001_part_16,dna_audio_src2
VID_20230905_224543_00_001_part_17,dna_audio_src2
VID_20230905_224543_00_001_part_18,dna_audio_src2
VID_20230905_224543_00_001_part_19,dna_audio_src2
VID_20230905_224543_00_001_part_2,dna_audio_src2
VID_20230905_224543_00_001_part_20,dna_audio_src2
VID_20230905_224543_00_001_part_21,dna_audio_src2
VID_20230905_224543_00_001_part_22,dna_audio_src2
VID_20230905_224543_00_001_part_23,dna_audio_src2
VID_20230905_224543_00_001_part_24,dna_audio_src2
VID_20230905_224543_00_001_part_25,dna_audio_src2
VID_20230905_224543_00_001_part_26,dna_audio_src2
VID_20230905_224543_00_001_part_27,dna_audio_src2
VID_20230905_224543_00_001_part_28,dna_audio_src2
VID_20230905_224543_00_001_part_29,dna_audio_src2
VID_20230905_224543_00_001_part_3,dna_audio_src2
VID_20230905_224543_00_001_part_30,dna_audio_src2
VID_20230905_224543_00_001_part_31,dna_audio_src2
VID_20230905_224543_00_001_part_32,dna_audio_src2
VID_20230905_224543_00_001_part_33,dna_audio_src2
VID_20230905_224543_00_001_part_34,dna_audio_src2
VID_20230905_224543_00_001_part_35,dna_audio_src2
VID_20230905_224543_00_001_part_36,dna_audio_src2
VID_20230905_224543_00_001_part_37,dna_audio_src2
VID_20230905_224543_00_001_part_38,dna_audio_src2
VID_20230905_224543_00_001_part_39,dna_audio_src2
VID_20230905_224543_00_001_part_4,dna_audio_src2
VID_20230905_224543_00_001_part_40,dna_audio_src2
VID_20230905_224543_00_001_part_41,dna_audio_src2
VID_20230905_224543_00_001_part_42,dna_audio_src2
VID_20230905_224543_00_001_part_43,dna_audio_src2
VID_20230905_224543_00_001_part_44,dna_audio_src2
VID_20230905_224543_00_001_part_45,dna_audio_src2
VID_20230905_224543_00_001_part_46,dna_audio_src2
VID_20230905_224543_00_001_part_47,dna_audio_src2
VID_20230905_224543_00_001_part_48,dna_audio_src2
VID_20230905_224543_00_001_part_49,dna_audio_src2
VID_20230905_224543_00_001_part_5,dna_audio_src2
VID_20230905_224543_00_001_part_50,dna_audio_src2
VID_20230905_224543_00_001_part_51,dna_audio_src2
VID_20230905_224543_00_001_part_52,dna_audio_src2
VID_20230905_224543_00_001_part_53,dna_audio_src2
VID_20230905_224543_00_001_part_54,dna_audio_src2
VID_20230905_224543_00_001_part_55,dna_audio_src2
VID_20230905_224543_00_001_part_56,dna_audio_src2
VID_20230905_224543_00_001_part_57,dna_audio_src2
VID_20230905_224543_00_001_part_58,dna_audio_src2
VID_20230905_224543_00_001_part_59,dna_audio_src2
VID_20230905_224543_00_001_part_6,dna_audio_src2
VID_20230905_224543_00_001_part_60,dna_audio_src2
VID_20230905_224543_00_001_part_61,dna_audio_src2
VID_20230905_224543_00_001_part_62,dna_audio_src2
VID_20230905_224543_00_001_part_63,dna_audio_src2
VID_20230905_224543_00_001_part_64,dna_audio_src2
VID_20230905_224543_00_001_part_65,dna_audio_src2
VID_20230905_224543_00_001_part_66,dna_audio_src2
VID_20230905_224543_00_001_part_67,dna_audio_src2
VID_20230905_224543_00_001_part_68,dna_audio_src2
VID_20230905_224543_00_001_part_69,dna_audio_src2
VID_20230905_224543_00_001_part_7,dna_audio_src2
VID_20230905_224543_00_001_part_70,dna_audio_src2
VID_20230905_224543_00_001_part_71,dna_audio_src2
VID_20230905_224543_00_001_part_72,dna_audio_src2
VID_20230905_224543_00_001_part_73,dna_audio_src2
VID_20230905_224543_00_001_part_74,dna_audio_src2
VID_20230905_224543_00_001_part_75,dna_audio_src2
VID_20230905_224543_00_001_part_76,dna_audio_src2
VID_20230905_224543_00_001_part_77,dna_audio_src2
VID_20230905_224543_00_001_part_78,dna_audio_src2
VID_20230905_224543_00_001_part_79,dna_audio_src2
VID_20230905_224543_00_001_part_8,dna_audio_src2
VID_20230905_224543_00_001_part_80,dna_audio_src2
VID_20230905_224543_00_001_part_81,dna_audio_src2
VID_20230905_224543_00_001_part_82,dna_audio_src2
VID_20230905_224543_00_001_part_83,dna_audio_src2
VID_20230905_224543_00_001_part_84,dna_audio_src2
VID_20230905_224543_00_001_part_85,dna_audio_src2
VID_20230905_224543_00_001_part_86,dna_audio_src2
VID_20230905_224543_00_001_part_87,dna_audio_src2
VID_20230905_224543_00_001_part_88,dna_audio_src2
VID_20230905_224543_00_001_part_89,dna_audio_src2
VID_20230905_224543_00_001_part_9,dna_audio_src2
VID_20230905_224543_00_001_part_90,dna_audio_src2
VID_20230905_224543_00_001_part_91,dna_audio_src2
VID_20230905_224543_00_001_part_92,dna_audio_src2
VID_20230905_224543_00_001_part_93,dna_audio_src2
VID_20230905_224543_00_001_part_94,dna_audio_src2
VID_20230905_224543_00_001_part_95,dna_audio_src2
VID_20230905_224543_00_001_part_96,dna_audio_src2
VID_20230905_224543_00_001_part_97,dna_audio_src2
VID_20230905_224543_00_001_part_98,dna_audio_src2
VID_20230905_224543_00_001_part_99,dna_audio_src2
VID_20230905_225531_00_002_part_1,dna_audio_src2
VID_20230905_225531_00_002_part_10,dna_audio_src2
VID_20230905_225531_00_002_part_100,dna_audio_src2
VID_20230905_225531_00_002_part_101,dna_audio_src2
VID_20230905_225531_00_002_part_102,dna_audio_src2
VID_20230905_225531_00_002_part_103,dna_audio_src2
VID_20230905_225531_00_002_part_104,dna_audio_src2
VID_20230905_225531_00_002_part_105,dna_audio_src2
VID_20230905_225531_00_002_part_106,dna_audio_src2
VID_20230905_225531_00_002_part_107,dna_audio_src2
VID_20230905_225531_00_002_part_108,dna_audio_src2
VID_20230905_225531_00_002_part_109,dna_audio_src2
VID_20230905_225531_00_002_part_11,dna_audio_src2
VID_20230905_225531_00_002_part_110,dna_audio_src2
VID_20230905_225531_00_002_part_111,dna_audio_src2
VID_20230905_225531_00_002_part_112,dna_audio_src2
VID_20230905_225531_00_002_part_113,dna_audio_src2
VID_20230905_225531_00_002_part_114,dna_audio_src2
VID_20230905_225531_00_002_part_115,dna_audio_src2
VID_20230905_225531_00_002_part_116,dna_audio_src2
VID_20230905_225531_00_002_part_117,dna_audio_src2
VID_20230905_225531_00_002_part_118,dna_audio_src2
VID_20230905_225531_00_002_part_119,dna_audio_src2
VID_20230905_225531_00_002_part_12,dna_audio_src2
VID_20230905_225531_00_002_part_120,dna_audio_src2
VID_20230905_225531_00_002_part_121,dna_audio_src2
VID_20230905_225531_00_002_part_122,dna_audio_src2
VID_20230905_225531_00_002_part_123,dna_audio_src2
VID_20230905_225531_00_002_part_124,dna_audio_src2
VID_20230905_225531_00_002_part_125,dna_audio_src2
VID_20230905_225531_00_002_part_126,dna_audio_src2
VID_20230905_225531_00_002_part_13,dna_audio_src2
VID_20230905_225531_00_002_part_14,dna_audio_src2
VID_20230905_225531_00_002_part_15,dna_audio_src2
VID_20230905_225531_00_002_part_16,dna_audio_src2
VID_20230905_225531_00_002_part_17,dna_audio_src2
VID_20230905_225531_00_002_part_18,dna_audio_src2
VID_20230905_225531_00_002_part_19,dna_audio_src2
VID_20230905_225531_00_002_part_2,dna_audio_src2
VID_20230905_225531_00_002_part_20,dna_audio_src2
VID_20230905_225531_00_002_part_21,dna_audio_src2
VID_20230905_225531_00_002_part_22,dna_audio_src2
VID_20230905_225531_00_002_part_23,dna_audio_src2
VID_20230905_225531_00_002_part_24,dna_audio_src2
VID_20230905_225531_00_002_part_25,dna_audio_src2
VID_20230905_225531_00_002_part_26,dna_audio_src2
VID_20230905_225531_00_002_part_27,dna_audio_src2
VID_20230905_225531_00_002_part_28,dna_audio_src2
VID_20230905_225531_00_002_part_29,dna_audio_src2
VID_20230905_225531_00_002_part_3,dna_audio_src2
VID_20230905_225531_00_002_part_30,dna_audio_src2
VID_20230905_225531_00_002_part_31,dna_audio_src2
VID_20230905_225531_00_002_part_32,dna_audio_src2
VID_20230905_225531_00_002_part_33,dna_audio_src2
VID_20230905_225531_00_002_part_34,dna_audio_src2
VID_20230905_225531_00_002_part_35,dna_audio_src2
VID_20230905_225531_00_002_part_36,dna_audio_src2
VID_20230905_225531_00_002_part_37,dna_audio_src2
VID_20230905_225531_00_002_part_38,dna_audio_src2
VID_20230905_225531_00_002_part_39,dna_audio_src2
VID_20230905_225531_00_002_part_4,dna_audio_src2
VID_20230905_225531_00_002_part_40,dna_audio_src2
VID_20230905_225531_00_002_part_41,dna_audio_src2
VID_20230905_225531_00_002_part_42,dna_audio_src2
VID_20230905_225531_00_002_part_43,dna_audio_src2
VID_20230905_225531_00_002_part_44,dna_audio_src2
VID_20230905_225531_00_002_part_45,dna_audio_src2
VID_20230905_225531_00_002_part_46,dna_audio_src2
VID_20230905_225531_00_002_part_47,dna_audio_src2
VID_20230905_225531_00_002_part_48,dna_audio_src2
VID_20230905_225531_00_002_part_49,dna_audio_src2
VID_20230905_225531_00_002_part_5,dna_audio_src2
VID_20230905_225531_00_002_part_50,dna_audio_src2
VID_20230905_225531_00_002_part_51,dna_audio_src2
VID_20230905_225531_00_002_part_52,dna_audio_src2
VID_20230905_225531_00_002_part_53,dna_audio_src2
VID_20230905_225531_00_002_part_54,dna_audio_src2
VID_20230905_225531_00_002_part_55,dna_audio_src2
VID_20230905_225531_00_002_part_56,dna_audio_src2
VID_20230905_225531_00_002_part_57,dna_audio_src2
VID_20230905_225531_00_002_part_58,dna_audio_src2
VID_20230905_225531_00_002_part_59,dna_audio_src2
VID_20230905_225531_00_002_part_6,dna_audio_src2
VID_20230905_225531_00_002_part_60,dna_audio_src2
VID_20230905_225531_00_002_part_61,dna_audio_src2
VID_20230905_225531_00_002_part_62,dna_audio_src2
VID_20230905_225531_00_002_part_63,dna_audio_src2
VID_20230905_225531_00_002_part_64,dna_audio_src2
VID_20230905_225531_00_002_part_65,dna_audio_src2
VID_20230905_225531_00_002_part_66,dna_audio_src2
VID_20230905_225531_00_002_part_67,dna_audio_src2
VID_20230905_225531_00_002_part_68,dna_audio_src2
VID_20230905_225531_00_002_part_69,dna_audio_src2
VID_20230905_225531_00_002_part_7,dna_audio_src2
VID_20230905_225531_00_002_part_70,dna_audio_src2
VID_20230905_225531_00_002_part_71,dna_audio_src2
VID_20230905_225531_00_002_part_72,dna_audio_src2
VID_20230905_225531_00_002_part_73,dna_audio_src2
VID_20230905_225531_00_002_part_74,dna_audio_src2
VID_20230905_225531_00_002_part_75,dna_audio_src2
VID_20230905_225531_00_002_part_76,dna_audio_src2
VID_20230905_225531_00_002_part_77,dna_audio_src2
VID_20230905_225531_00_002_part_78,dna_audio_src2
VID_20230905_225531_00_002_part_79,dna_audio_src2
VID_20230905_225531_00_002_part_8,dna_audio_src2
VID_20230905_225531_00_002_part_80,dna_audio_src2
VID_20230905_225531_00_002_part_81,dna_audio_src2
VID_20230905_225531_00_002_part_82,dna_audio_src2
VID_20230905_225531_00_002_part_83,dna_audio_src2
VID_20230905_225531_00_002_part_84,dna_audio_src2
VID_20230905_225531_00_002_part_85,dna_audio_src2
VID_20230905_225531_00_002_part_86,dna_audio_src2
VID_20230905_225531_00_002_part_87,dna_audio_src2
VID_20230905_225531_00_002_part_88,dna_audio_src2
VID_20230905_225531_00_002_part_89,dna_audio_src2
VID_20230905_225531_00_002_part_9,dna_audio_src2
VID_20230905_225531_00_002_part_90,dna_audio_src2
VID_20230905_225531_00_002_part_91,dna_audio_src2
VID_20230905_225531_00_002_part_92,dna_audio_src2
VID_20230905_225531_00_002_part_93,dna_audio_src2
VID_20230905_225531_00_002_part_94,dna_audio_src2
VID_20230905_225531_00_002_part_95,dna_audio_src2
VID_20230905_225531_00_002_part_96,dna_audio_src2
VID_20230905_225531_00_002_part_97,dna_audio_src2
VID_20230905_225531_00_002_part_98,dna_audio_src2
VID_20230905_225531_00_002_part_99,dna_audio_src2
VID_20230905_230717_00_003_part_1,dna_audio_src2
VID_20230905_230717_00_003_part_10,dna_audio_src2
VID_20230905_230717_00_003_part_11,dna_audio_src2
VID_20230905_230717_00_003_part_12,dna_audio_src2
VID_20230905_230717_00_003_part_13,dna_audio_src2
VID_20230905_230717_00_003_part_14,dna_audio_src2
VID_20230905_230717_00_003_part_15,dna_audio_src2
VID_20230905_230717_00_003_part_16,dna_audio_src2
VID_20230905_230717_00_003_part_17,dna_audio_src2
VID_20230905_230717_00_003_part_18,dna_audio_src2
VID_20230905_230717_00_003_part_19,dna_audio_src2
VID_20230905_230717_00_003_part_2,dna_audio_src2
VID_20230905_230717_00_003_part_20,dna_audio_src2
VID_20230905_230717_00_003_part_21,dna_audio_src2
VID_20230905_230717_00_003_part_22,dna_audio_src2
VID_20230905_230717_00_003_part_23,dna_audio_src2
VID_20230905_230717_00_003_part_24,dna_audio_src2
VID_20230905_230717_00_003_part_25,dna_audio_src2
VID_20230905_230717_00_003_part_26,dna_audio_src2
VID_20230905_230717_00_003_part_27,dna_audio_src2
VID_20230905_230717_00_003_part_28,dna_audio_src2
VID_20230905_230717_00_003_part_29,dna_audio_src2
VID_20230905_230717_00_003_part_3,dna_audio_src2
VID_20230905_230717_00_003_part_30,dna_audio_src2
VID_20230905_230717_00_003_part_31,dna_audio_src2
VID_20230905_230717_00_003_part_32,dna_audio_src2
VID_20230905_230717_00_003_part_33,dna_audio_src2
VID_20230905_230717_00_003_part_34,dna_audio_src2
VID_20230905_230717_00_003_part_35,dna_audio_src2
VID_20230905_230717_00_003_part_36,dna_audio_src2
VID_20230905_230717_00_003_part_37,dna_audio_src2
VID_20230905_230717_00_003_part_38,dna_audio_src2
VID_20230905_230717_00_003_part_39,dna_audio_src2
VID_20230905_230717_00_003_part_4,dna_audio_src2
VID_20230905_230717_00_003_part_40,dna_audio_src2
VID_20230905_230717_00_003_part_41,dna_audio_src2
VID_20230905_230717_00_003_part_42,dna_audio_src2
VID_20230905_230717_00_003_part_43,dna_audio_src2
VID_20230905_230717_00_003_part_44,dna_audio_src2
VID_20230905_230717_00_003_part_45,dna_audio_src2
VID_20230905_230717_00_003_part_46,dna_audio_src2
VID_20230905_230717_00_003_part_47,dna_audio_src2
VID_20230905_230717_00_003_part_5,dna_audio_src2
VID_20230905_230717_00_003_part_6,dna_audio_src2
VID_20230905_230717_00_003_part_7,dna_audio_src2
VID_20230905_230717_00_003_part_8,dna_audio_src2
VID_20230905_230717_00_003_part_9,dna_audio_src2
VID_20230905_231224_00_004_part_1,dna_audio_src2
VID_20230905_231224_00_004_part_2,dna_audio_src2
VID_20230905_231224_00_004_part_3,dna_audio_src2
VID_20230905_231224_00_004_part_4,dna_audio_src2
VID_20230905_231224_00_004_part_5,dna_audio_src2
VID_20230905_220841_00_010_part_1,dna_images_360
VID_20230905_220841_00_010_part_10,dna_images_360
VID_20230905_220841_00_010_part_11,dna_images_360
VID_20230905_220841_00_010_part_12,dna_images_360
VID_20230905_220841_00_010_part_13,dna_images_360
VID_20230905_220841_00_010_part_14,dna_images_360
VID_20230905_220841_00_010_part_15,dna_images_360
VID_20230905_220841_00_010_part_16,dna_images_360
VID_20230905_220841_00_010_part_17,dna_images_360
VID_20230905_220841_00_010_part_18,dna_images_360
VID_20230905_220841_00_010_part_19,dna_images_360
VID_20230905_220841_00_010_part_2,dna_images_360
VID_20230905_220841_00_010_part_20,dna_images_360
VID_20230905_220841_00_010_part_21,dna_images_360
VID_20230905_220841_00_010_part_22,dna_images_360
VID_20230905_220841_00_010_part_23,dna_images_360
VID_20230905_220841_00_010_part_24,dna_images_360
VID_20230905_220841_00_010_part_25,dna_images_360
VID_20230905_220841_00_010_part_26,dna_images_360
VID_20230905_220841_00_010_part_27,dna_images_360
VID_20230905_220841_00_010_part_28,dna_images_360
VID_20230905_220841_00_010_part_29,dna_images_360
VID_20230905_220841_00_010_part_3,dna_images_360
VID_20230905_220841_00_010_part_30,dna_images_360
VID_20230905_220841_00_010_part_31,dna_images_360
VID_20230905_220841_00_010_part_4,dna_images_360
VID_20230905_220841_00_010_part_5,dna_images_360
VID_20230905_220841_00_010_part_6,dna_images_360
VID_20230905_220841_00_010_part_7,dna_images_360
VID_20230905_220841_00_010_part_8,dna_images_360
VID_20230905_220841_00_010_part_9,dna_images_360
VID_20230905_221158_00_011_part_1,dna_images_360
VID_20230905_221158_00_011_part_10,dna_images_360
VID_20230905_221158_00_011_part_100,dna_images_360
VID_20230905_221158_00_011_part_101,dna_images_360
VID_20230905_221158_00_011_part_102,dna_images_360
VID_20230905_221158_00_011_part_103,dna_images_360
VID_20230905_221158_00_011_part_104,dna_images_360
VID_20230905_221158_00_011_part_105,dna_images_360
VID_20230905_221158_00_011_part_106,dna_images_360
VID_20230905_221158_00_011_part_107,dna_images_360
VID_20230905_221158_00_011_part_108,dna_images_360
VID_20230905_221158_00_011_part_109,dna_images_360
VID_20230905_221158_00_011_part_11,dna_images_360
VID_20230905_221158_00_011_part_110,dna_images_360
VID_20230905_221158_00_011_part_111,dna_images_360
VID_20230905_221158_00_011_part_112,dna_images_360
VID_20230905_221158_00_011_part_113,dna_images_360
VID_20230905_221158_00_011_part_114,dna_images_360
VID_20230905_221158_00_011_part_115,dna_images_360
VID_20230905_221158_00_011_part_116,dna_images_360
VID_20230905_221158_00_011_part_117,dna_images_360
VID_20230905_221158_00_011_part_118,dna_images_360
VID_20230905_221158_00_011_part_119,dna_images_360
VID_20230905_221158_00_011_part_12,dna_images_360
VID_20230905_221158_00_011_part_120,dna_images_360
VID_20230905_221158_00_011_part_121,dna_images_360
VID_20230905_221158_00_011_part_122,dna_images_360
VID_20230905_221158_00_011_part_123,dna_images_360
VID_20230905_221158_00_011_part_124,dna_images_360
VID_20230905_221158_00_011_part_125,dna_images_360
VID_20230905_221158_00_011_part_126,dna_images_360
VID_20230905_221158_00_011_part_127,dna_images_360
VID_20230905_221158_00_011_part_128,dna_images_360
VID_20230905_221158_00_011_part_129,dna_images_360
VID_20230905_221158_00_011_part_13,dna_images_360
VID_20230905_221158_00_011_part_130,dna_images_360
VID_20230905_221158_00_011_part_131,dna_images_360
VID_20230905_221158_00_011_part_132,dna_images_360
VID_20230905_221158_00_011_part_133,dna_images_360
VID_20230905_221158_00_011_part_134,dna_images_360
VID_20230905_221158_00_011_part_135,dna_images_360
VID_20230905_221158_00_011_part_136,dna_images_360
VID_20230905_221158_00_011_part_137,dna_images_360
VID_20230905_221158_00_011_part_138,dna_images_360
VID_20230905_221158_00_011_part_139,dna_images_360
VID_20230905_221158_00_011_part_14,dna_images_360
VID_20230905_221158_00_011_part_15,dna_images_360
VID_20230905_221158_00_011_part_16,dna_images_360
VID_20230905_221158_00_011_part_17,dna_images_360
VID_20230905_221158_00_011_part_18,dna_images_360
VID_20230905_221158_00_011_part_19,dna_images_360
VID_20230905_221158_00_011_part_2,dna_images_360
VID_20230905_221158_00_011_part_20,dna_images_360
VID_20230905_221158_00_011_part_21,dna_images_360
VID_20230905_221158_00_011_part_22,dna_images_360
VID_20230905_221158_00_011_part_23,dna_images_360
VID_20230905_221158_00_011_part_24,dna_images_360
VID_20230905_221158_00_011_part_25,dna_images_360
VID_20230905_221158_00_011_part_26,dna_images_360
VID_20230905_221158_00_011_part_27,dna_images_360
VID_20230905_221158_00_011_part_28,dna_images_360
VID_20230905_221158_00_011_part_29,dna_images_360
VID_20230905_221158_00_011_part_3,dna_images_360
VID_20230905_221158_00_011_part_30,dna_images_360
VID_20230905_221158_00_011_part_31,dna_images_360
VID_20230905_221158_00_011_part_32,dna_images_360
VID_20230905_221158_00_011_part_33,dna_images_360
VID_20230905_221158_00_011_part_34,dna_images_360
VID_20230905_221158_00_011_part_35,dna_images_360
VID_20230905_221158_00_011_part_36,dna_images_360
VID_20230905_221158_00_011_part_37,dna_images_360
VID_20230905_221158_00_011_part_38,dna_images_360
VID_20230905_221158_00_011_part_39,dna_images_360
VID_20230905_221158_00_011_part_4,dna_images_360
VID_20230905_221158_00_011_part_40,dna_images_360
VID_20230905_221158_00_011_part_41,dna_images_360
VID_20230905_221158_00_011_part_42,dna_images_360
VID_20230905_221158_00_011_part_43,dna_images_360
VID_20230905_221158_00_011_part_44,dna_images_360
VID_20230905_221158_00_011_part_45,dna_images_360
VID_20230905_221158_00_011_part_46,dna_images_360
VID_20230905_221158_00_011_part_47,dna_images_360
VID_20230905_221158_00_011_part_48,dna_images_360
VID_20230905_221158_00_011_part_49,dna_images_360
VID_20230905_221158_00_011_part_5,dna_images_360
VID_20230905_221158_00_011_part_50,dna_images_360
VID_20230905_221158_00_011_part_51,dna_images_360
VID_20230905_221158_00_011_part_52,dna_images_360
VID_20230905_221158_00_011_part_53,dna_images_360
VID_20230905_221158_00_011_part_54,dna_images_360
VID_20230905_221158_00_011_part_55,dna_images_360
VID_20230905_221158_00_011_part_56,dna_images_360
VID_20230905_221158_00_011_part_57,dna_images_360
VID_20230905_221158_00_011_part_58,dna_images_360
VID_20230905_221158_00_011_part_59,dna_images_360
VID_20230905_221158_00_011_part_6,dna_images_360
VID_20230905_221158_00_011_part_60,dna_images_360
VID_20230905_221158_00_011_part_61,dna_images_360
VID_20230905_221158_00_011_part_62,dna_images_360
VID_20230905_221158_00_011_part_63,dna_images_360
VID_20230905_221158_00_011_part_64,dna_images_360
VID_20230905_221158_00_011_part_65,dna_images_360
VID_20230905_221158_00_011_part_66,dna_images_360
VID_20230905_221158_00_011_part_67,dna_images_360
VID_20230905_221158_00_011_part_68,dna_images_360
VID_20230905_221158_00_011_part_69,dna_images_360
VID_20230905_221158_00_011_part_7,dna_images_360
VID_20230905_221158_00_011_part_70,dna_images_360
VID_20230905_221158_00_011_part_71,dna_images_360
VID_20230905_221158_00_011_part_72,dna_images_360
VID_20230905_221158_00_011_part_73,dna_images_360
VID_20230905_221158_00_011_part_74,dna_images_360
VID_20230905_221158_00_011_part_75,dna_images_360
VID_20230905_221158_00_011_part_76,dna_images_360
VID_20230905_221158_00_011_part_77,dna_images_360
VID_20230905_221158_00_011_part_78,dna_images_360
VID_20230905_221158_00_011_part_79,dna_images_360
VID_20230905_221158_00_011_part_8,dna_images_360
VID_20230905_221158_00_011_part_80,dna_images_360
VID_20230905_221158_00_011_part_81,dna_images_360
VID_20230905_221158_00_011_part_82,dna_images_360
VID_20230905_221158_00_011_part_83,dna_images_360
VID_20230905_221158_00_011_part_84,dna_images_360
VID_20230905_221158_00_011_part_85,dna_images_360
VID_20230905_221158_00_011_part_86,dna_images_360
VID_20230905_221158_00_011_part_87,dna_images_360
VID_20230905_221158_00_011_part_88,dna_images_360
VID_20230905_221158_00_011_part_89,dna_images_360
VID_20230905_221158_00_011_part_9,dna_images_360
VID_20230905_221158_00_011_part_90,dna_images_360
VID_20230905_221158_00_011_part_91,dna_images_360
VID_20230905_221158_00_011_part_92,dna_images_360
VID_20230905_221158_00_011_part_93,dna_images_360
VID_20230905_221158_00_011_part_94,dna_images_360
VID_20230905_221158_00_011_part_95,dna_images_360
VID_20230905_221158_00_011_part_96,dna_images_360
VID_20230905_221158_00_011_part_97,dna_images_360
VID_20230905_221158_00_011_part_98,dna_images_360
VID_20230905_221158_00_011_part_99,dna_images_360
VID_20230905_224543_00_001_part_1,dna_images_360
VID_20230905_224543_00_001_part_10,dna_images_360
VID_20230905_224543_00_001_part_100,dna_images_360
VID_20230905_224543_00_001_part_101,dna_images_360
VID_20230905_224543_00_001_part_11,dna_images_360
VID_20230905_224543_00_001_part_12,dna_images_360
VID_20230905_224543_00_001_part_13,dna_images_360
VID_20230905_224543_00_001_part_14,dna_images_360
VID_20230905_224543_00_001_part_15,dna_images_360
VID_20230905_224543_00_001_part_16,dna_images_360
VID_20230905_224543_00_001_part_17,dna_images_360
VID_20230905_224543_00_001_part_18,dna_images_360
VID_20230905_224543_00_001_part_19,dna_images_360
VID_20230905_224543_00_001_part_2,dna_images_360
VID_20230905_224543_00_001_part_20,dna_images_360
VID_20230905_224543_00_001_part_21,dna_images_360
VID_20230905_224543_00_001_part_22,dna_images_360
VID_20230905_224543_00_001_part_23,dna_images_360
VID_20230905_224543_00_001_part_24,dna_images_360
VID_20230905_224543_00_001_part_25,dna_images_360
VID_20230905_224543_00_001_part_26,dna_images_360
VID_20230905_224543_00_001_part_27,dna_images_360
VID_20230905_224543_00_001_part_28,dna_images_360
VID_20230905_224543_00_001_part_29,dna_images_360
VID_20230905_224543_00_001_part_3,dna_images_360
VID_20230905_224543_00_001_part_30,dna_images_360
VID_20230905_224543_00_001_part_31,dna_images_360
VID_20230905_224543_00_001_part_32,dna_images_360
VID_20230905_224543_00_001_part_33,dna_images_360
VID_20230905_224543_00_001_part_34,dna_images_360
VID_20230905_224543_00_001_part_35,dna_images_360
VID_20230905_224543_00_001_part_36,dna_images_360
VID_20230905_224543_00_001_part_37,dna_images_360
VID_20230905_224543_00_001_part_38,dna_images_360
VID_20230905_224543_00_001_part_39,dna_images_360
VID_20230905_224543_00_001_part_4,dna_images_360
VID_20230905_224543_00_001_part_40,dna_images_360
VID_20230905_224543_00_001_part_41,dna_images_360
VID_20230905_224543_00_001_part_42,dna_images_360
VID_20230905_224543_00_001_part_43,dna_images_360
VID_20230905_224543_00_001_part_44,dna_images_360
VID_20230905_224543_00_001_part_45,dna_images_360
VID_20230905_224543_00_001_part_46,dna_images_360
VID_20230905_224543_00_001_part_47,dna_images_360
VID_20230905_224543_00_001_part_48,dna_images_360
VID_20230905_224543_00_001_part_49,dna_images_360
VID_20230905_224543_00_001_part_5,dna_images_360
VID_20230905_224543_00_001_part_50,dna_images_360
VID_20230905_224543_00_001_part_51,dna_images_360
VID_20230905_224543_00_001_part_52,dna_images_360
VID_20230905_224543_00_001_part_53,dna_images_360
VID_20230905_224543_00_001_part_54,dna_images_360
VID_20230905_224543_00_001_part_55,dna_images_360
VID_20230905_224543_00_001_part_56,dna_images_360
VID_20230905_224543_00_001_part_57,dna_images_360
VID_20230905_224543_00_001_part_58,dna_images_360
VID_20230905_224543_00_001_part_59,dna_images_360
VID_20230905_224543_00_001_part_6,dna_images_360
VID_20230905_224543_00_001_part_60,dna_images_360
VID_20230905_224543_00_001_part_61,dna_images_360
VID_20230905_224543_00_001_part_62,dna_images_360
VID_20230905_224543_00_001_part_63,dna_images_360
VID_20230905_224543_00_001_part_64,dna_images_360
VID_20230905_224543_00_001_part_65,dna_images_360
VID_20230905_224543_00_001_part_66,dna_images_360
VID_20230905_224543_00_001_part_67,dna_images_360
VID_20230905_224543_00_001_part_68,dna_images_360
VID_20230905_224543_00_001_part_69,dna_images_360
VID_20230905_224543_00_001_part_7,dna_images_360
VID_20230905_224543_00_001_part_70,dna_images_360
VID_20230905_224543_00_001_part_71,dna_images_360
VID_20230905_224543_00_001_part_72,dna_images_360
VID_20230905_224543_00_001_part_73,dna_images_360
VID_20230905_224543_00_001_part_74,dna_images_360
VID_20230905_224543_00_001_part_75,dna_images_360
VID_20230905_224543_00_001_part_76,dna_images_360
VID_20230905_224543_00_001_part_77,dna_images_360
VID_20230905_224543_00_001_part_78,dna_images_360
VID_20230905_224543_00_001_part_79,dna_images_360
VID_20230905_224543_00_001_part_8,dna_images_360
VID_20230905_224543_00_001_part_80,dna_images_360
VID_20230905_224543_00_001_part_81,dna_images_360
VID_20230905_224543_00_001_part_82,dna_images_360
VID_20230905_224543_00_001_part_83,dna_images_360
VID_20230905_224543_00_001_part_84,dna_images_360
VID_20230905_224543_00_001_part_85,dna_images_360
VID_20230905_224543_00_001_part_86,dna_images_360
VID_20230905_224543_00_001_part_87,dna_images_360
VID_20230905_224543_00_001_part_88,dna_images_360
VID_20230905_224543_00_001_part_89,dna_images_360
VID_20230905_224543_00_001_part_9,dna_images_360
VID_20230905_224543_00_001_part_90,dna_images_360
VID_20230905_224543_00_001_part_91,dna_images_360
VID_20230905_224543_00_001_part_92,dna_images_360
VID_20230905_224543_00_001_part_93,dna_images_360
VID_20230905_224543_00_001_part_94,dna_images_360
VID_20230905_224543_00_001_part_95,dna_images_360
VID_20230905_224543_00_001_part_96,dna_images_360
VID_20230905_224543_00_001_part_97,dna_images_360
VID_20230905_224543_00_001_part_98,dna_images_360
VID_20230905_224543_00_001_part_99,dna_images_360
VID_20230905_225531_00_002_part_1,dna_images_360
VID_20230905_225531_00_002_part_10,dna_images_360
VID_20230905_225531_00_002_part_100,dna_images_360
VID_20230905_225531_00_002_part_101,dna_images_360
VID_20230905_225531_00_002_part_102,dna_images_360
VID_20230905_225531_00_002_part_103,dna_images_360
VID_20230905_225531_00_002_part_104,dna_images_360
VID_20230905_225531_00_002_part_105,dna_images_360
VID_20230905_225531_00_002_part_106,dna_images_360
VID_20230905_225531_00_002_part_107,dna_images_360
VID_20230905_225531_00_002_part_108,dna_images_360
VID_20230905_225531_00_002_part_109,dna_images_360
VID_20230905_225531_00_002_part_11,dna_images_360
VID_20230905_225531_00_002_part_110,dna_images_360
VID_20230905_225531_00_002_part_111,dna_images_360
VID_20230905_225531_00_002_part_112,dna_images_360
VID_20230905_225531_00_002_part_113,dna_images_360
VID_20230905_225531_00_002_part_114,dna_images_360
VID_20230905_225531_00_002_part_115,dna_images_360
VID_20230905_225531_00_002_part_116,dna_images_360
VID_20230905_225531_00_002_part_117,dna_images_360
VID_20230905_225531_00_002_part_118,dna_images_360
VID_20230905_225531_00_002_part_119,dna_images_360
VID_20230905_225531_00_002_part_12,dna_images_360
VID_20230905_225531_00_002_part_120,dna_images_360
VID_20230905_225531_00_002_part_121,dna_images_360
VID_20230905_225531_00_002_part_122,dna_images_360
VID_20230905_225531_00_002_part_123,dna_images_360
VID_20230905_225531_00_002_part_124,dna_images_360
VID_20230905_225531_00_002_part_125,dna_images_360
VID_20230905_225531_00_002_part_126,dna_images_360
VID_20230905_225531_00_002_part_13,dna_images_360
VID_20230905_225531_00_002_part_14,dna_images_360
VID_20230905_225531_00_002_part_15,dna_images_360
VID_20230905_225531_00_002_part_16,dna_images_360
VID_20230905_225531_00_002_part_17,dna_images_360
VID_20230905_225531_00_002_part_18,dna_images_360
VID_20230905_225531_00_002_part_19,dna_images_360
VID_20230905_225531_00_002_part_2,dna_images_360
VID_20230905_225531_00_002_part_20,dna_images_360
VID_20230905_225531_00_002_part_21,dna_images_360
VID_20230905_225531_00_002_part_22,dna_images_360
VID_20230905_225531_00_002_part_23,dna_images_360
VID_20230905_225531_00_002_part_24,dna_images_360
VID_20230905_225531_00_002_part_25,dna_images_360
VID_20230905_225531_00_002_part_26,dna_images_360
VID_20230905_225531_00_002_part_27,dna_images_360
VID_20230905_225531_00_002_part_28,dna_images_360
VID_20230905_225531_00_002_part_29,dna_images_360
VID_20230905_225531_00_002_part_3,dna_images_360
VID_20230905_225531_00_002_part_30,dna_images_360
VID_20230905_225531_00_002_part_31,dna_images_360
VID_20230905_225531_00_002_part_32,dna_images_360
VID_20230905_225531_00_002_part_33,dna_images_360
VID_20230905_225531_00_002_part_34,dna_images_360
VID_20230905_225531_00_002_part_35,dna_images_360
VID_20230905_225531_00_002_part_36,dna_images_360
VID_20230905_225531_00_002_part_37,dna_images_360
VID_20230905_225531_00_002_part_38,dna_images_360
VID_20230905_225531_00_002_part_39,dna_images_360
VID_20230905_225531_00_002_part_4,dna_images_360
VID_20230905_225531_00_002_part_40,dna_images_360
VID_20230905_225531_00_002_part_41,dna_images_360
VID_20230905_225531_00_002_part_42,dna_images_360
VID_20230905_225531_00_002_part_43,dna_images_360
VID_20230905_225531_00_002_part_44,dna_images_360
VID_20230905_225531_00_002_part_45,dna_images_360
VID_20230905_225531_00_002_part_46,dna_images_360
VID_20230905_225531_00_002_part_47,dna_images_360
VID_20230905_225531_00_002_part_48,dna_images_360
VID_20230905_225531_00_002_part_49,dna_images_360
VID_20230905_225531_00_002_part_5,dna_images_360
VID_20230905_225531_00_002_part_50,dna_images_360
VID_20230905_225531_00_002_part_51,dna_images_360
VID_20230905_225531_00_002_part_52,dna_images_360
VID_20230905_225531_00_002_part_53,dna_images_360
VID_20230905_225531_00_002_part_54,dna_images_360
VID_20230905_225531_00_002_part_55,dna_images_360
VID_20230905_225531_00_002_part_56,dna_images_360
VID_20230905_225531_00_002_part_57,dna_images_360
VID_20230905_225531_00_002_part_58,dna_images_360
VID_20230905_225531_00_002_part_59,dna_images_360
VID_20230905_225531_00_002_part_6,dna_images_360
VID_20230905_225531_00_002_part_60,dna_images_360
VID_20230905_225531_00_002_part_61,dna_images_360
VID_20230905_225531_00_002_part_62,dna_images_360
VID_20230905_225531_00_002_part_63,dna_images_360
VID_20230905_225531_00_002_part_64,dna_images_360
VID_20230905_225531_00_002_part_65,dna_images_360
VID_20230905_225531_00_002_part_66,dna_images_360
VID_20230905_225531_00_002_part_67,dna_images_360
VID_20230905_225531_00_002_part_68,dna_images_360
VID_20230905_225531_00_002_part_69,dna_images_360
VID_20230905_225531_00_002_part_7,dna_images_360
VID_20230905_225531_00_002_part_70,dna_images_360
VID_20230905_225531_00_002_part_71,dna_images_360
VID_20230905_225531_00_002_part_72,dna_images_360
VID_20230905_225531_00_002_part_73,dna_images_360
VID_20230905_225531_00_002_part_74,dna_images_360
VID_20230905_225531_00_002_part_75,dna_images_360
VID_20230905_225531_00_002_part_76,dna_images_360
VID_20230905_225531_00_002_part_77,dna_images_360
VID_20230905_225531_00_002_part_78,dna_images_360
VID_20230905_225531_00_002_part_79,dna_images_360
VID_20230905_225531_00_002_part_8,dna_images_360
VID_20230905_225531_00_002_part_80,dna_images_360
VID_20230905_225531_00_002_part_81,dna_images_360
VID_20230905_225531_00_002_part_82,dna_images_360
VID_20230905_225531_00_002_part_83,dna_images_360
VID_20230905_225531_00_002_part_84,dna_images_360
VID_20230905_225531_00_002_part_85,dna_images_360
VID_20230905_225531_00_002_part_86,dna_images_360
VID_20230905_225531_00_002_part_87,dna_images_360
VID_20230905_225531_00_002_part_88,dna_images_360
VID_20230905_225531_00_002_part_89,dna_images_360
VID_20230905_225531_00_002_part_9,dna_images_360
VID_20230905_225531_00_002_part_90,dna_images_360
VID_20230905_225531_00_002_part_91,dna_images_360
VID_20230905_225531_00_002_part_92,dna_images_360
VID_20230905_225531_00_002_part_93,dna_images_360
VID_20230905_225531_00_002_part_94,dna_images_360
VID_20230905_225531_00_002_part_95,dna_images_360
VID_20230905_225531_00_002_part_96,dna_images_360
VID_20230905_225531_00_002_part_97,dna_images_360
VID_20230905_225531_00_002_part_98,dna_images_360
VID_20230905_225531_00_002_part_99,dna_images_360
VID_20230905_230717_00_003_part_1,dna_images_360
VID_20230905_230717_00_003_part_10,dna_images_360
VID_20230905_230717_00_003_part_11,dna_images_360
VID_20230905_230717_00_003_part_12,dna_images_360
VID_20230905_230717_00_003_part_13,dna_images_360
VID_20230905_230717_00_003_part_14,dna_images_360
VID_20230905_230717_00_003_part_15,dna_images_360
VID_20230905_230717_00_003_part_16,dna_images_360
VID_20230905_230717_00_003_part_17,dna_images_360
VID_20230905_230717_00_003_part_18,dna_images_360
VID_20230905_230717_00_003_part_19,dna_images_360
VID_20230905_230717_00_003_part_2,dna_images_360
VID_20230905_230717_00_003_part_20,dna_images_360
VID_20230905_230717_00_003_part_21,dna_images_360
VID_20230905_230717_00_003_part_22,dna_images_360
VID_20230905_230717_00_003_part_23,dna_images_360
VID_20230905_230717_00_003_part_24,dna_images_360
VID_20230905_230717_00_003_part_25,dna_images_360
VID_20230905_230717_00_003_part_26,dna_images_360
VID_20230905_230717_00_003_part_27,dna_images_360
VID_20230905_230717_00_003_part_28,dna_images_360
VID_20230905_230717_00_003_part_29,dna_images_360
VID_20230905_230717_00_003_part_3,dna_images_360
VID_20230905_230717_00_003_part_30,dna_images_360
VID_20230905_230717_00_003_part_31,dna_images_360
VID_20230905_230717_00_003_part_32,dna_images_360
VID_20230905_230717_00_003_part_33,dna_images_360
VID_20230905_230717_00_003_part_34,dna_images_360
VID_20230905_230717_00_003_part_35,dna_images_360
VID_20230905_230717_00_003_part_36,dna_images_360
VID_20230905_230717_00_003_part_37,dna_images_360
VID_20230905_230717_00_003_part_38,dna_images_360
VID_20230905_230717_00_003_part_39,dna_images_360
VID_20230905_230717_00_003_part_4,dna_images_360
VID_20230905_230717_00_003_part_40,dna_images_360
VID_20230905_230717_00_003_part_41,dna_images_360
VID_20230905_230717_00_003_part_42,dna_images_360
VID_20230905_230717_00_003_part_43,dna_images_360
VID_20230905_230717_00_003_part_44,dna_images_360
VID_20230905_230717_00_003_part_45,dna_images_360
VID_20230905_230717_00_003_part_46,dna_images_360
VID_20230905_230717_00_003_part_47,dna_images_360
VID_20230905_230717_00_003_part_5,dna_images_360
VID_20230905_230717_00_003_part_6,dna_images_360
VID_20230905_230717_00_003_part_7,dna_images_360
VID_20230905_230717_00_003_part_8,dna_images_360
VID_20230905_230717_00_003_part_9,dna_images_360
VID_20230905_231224_00_004_part_1,dna_images_360
VID_20230905_231224_00_004_part_2,dna_images_360
VID_20230905_231224_00_004_part_3,dna_images_360
VID_20230905_231224_00_004_part_4,dna_images_360
VID_20230905_231224_00_004_part_5,dna_images_360
AABQ4665_part_1,dna_images_pov
AABQ4665_part_10,dna_images_pov
AABQ4665_part_11,dna_images_pov
AABQ4665_part_12,dna_images_pov
AABQ4665_part_2,dna_images_pov
AABQ4665_part_3,dna_images_pov
AABQ4665_part_4,dna_images_pov
AABQ4665_part_5,dna_images_pov
AABQ4665_part_6,dna_images_pov
AABQ4665_part_7,dna_images_pov
AABQ4665_part_8,dna_images_pov
AABQ4665_part_9,dna_images_pov
AHPS0866_part_1,dna_images_pov
AHPS0866_part_2,dna_images_pov
AHPS0866_part_3,dna_images_pov
AHPS0866_part_4,dna_images_pov
AHPS0866_part_5,dna_images_pov
AHPS0866_part_6,dna_images_pov
AHPS0866_part_7,dna_images_pov
BSOV8976_part_1,dna_images_pov
BSOV8976_part_10,dna_images_pov
BSOV8976_part_11,dna_images_pov
BSOV8976_part_12,dna_images_pov
BSOV8976_part_2,dna_images_pov
BSOV8976_part_3,dna_images_pov
BSOV8976_part_4,dna_images_pov
BSOV8976_part_5,dna_images_pov
BSOV8976_part_6,dna_images_pov
BSOV8976_part_7,dna_images_pov
BSOV8976_part_8,dna_images_pov
BSOV8976_part_9,dna_images_pov
BWOW4174_part_1,dna_images_pov
BWOW4174_part_10,dna_images_pov
BWOW4174_part_11,dna_images_pov
BWOW4174_part_12,dna_images_pov
BWOW4174_part_2,dna_images_pov
BWOW4174_part_3,dna_images_pov
BWOW4174_part_4,dna_images_pov
BWOW4174_part_5,dna_images_pov
BWOW4174_part_6,dna_images_pov
BWOW4174_part_7,dna_images_pov
BWOW4174_part_8,dna_images_pov
BWOW4174_part_9,dna_images_pov
CRPH2245_part_1,dna_images_pov
CRPH2245_part_10,dna_images_pov
CRPH2245_part_11,dna_images_pov
CRPH2245_part_12,dna_images_pov
CRPH2245_part_2,dna_images_pov
CRPH2245_part_3,dna_images_pov
CRPH2245_part_4,dna_images_pov
CRPH2245_part_5,dna_images_pov
CRPH2245_part_6,dna_images_pov
CRPH2245_part_7,dna_images_pov
CRPH2245_part_8,dna_images_pov
CRPH2245_part_9,dna_images_pov
DJMX8117_part_1,dna_images_pov
DJMX8117_part_10,dna_images_pov
DJMX8117_part_11,dna_images_pov
DJMX8117_part_12,dna_images_pov
DJMX8117_part_2,dna_images_pov
DJMX8117_part_3,dna_images_pov
DJMX8117_part_4,dna_images_pov
DJMX8117_part_5,dna_images_pov
DJMX8117_part_6,dna_images_pov
DJMX8117_part_7,dna_images_pov
DJMX8117_part_8,dna_images_pov
DJMX8117_part_9,dna_images_pov
EBUZ3493_part_1,dna_images_pov
EBUZ3493_part_10,dna_images_pov
EBUZ3493_part_11,dna_images_pov
EBUZ3493_part_12,dna_images_pov
EBUZ3493_part_2,dna_images_pov
EBUZ3493_part_3,dna_images_pov
EBUZ3493_part_4,dna_images_pov
EBUZ3493_part_5,dna_images_pov
EBUZ3493_part_6,dna_images_pov
EBUZ3493_part_7,dna_images_pov
EBUZ3493_part_8,dna_images_pov
EBUZ3493_part_9,dna_images_pov
EGFA9137_part_1,dna_images_pov
EGFA9137_part_10,dna_images_pov
EGFA9137_part_11,dna_images_pov
EGFA9137_part_12,dna_images_pov
EGFA9137_part_2,dna_images_pov
EGFA9137_part_3,dna_images_pov
EGFA9137_part_4,dna_images_pov
EGFA9137_part_5,dna_images_pov
EGFA9137_part_6,dna_images_pov
EGFA9137_part_7,dna_images_pov
EGFA9137_part_8,dna_images_pov
EGFA9137_part_9,dna_images_pov
GFTK7900_part_1,dna_images_pov
GFTK7900_part_2,dna_images_pov
GFTK7900_part_3,dna_images_pov
GFTK7900_part_4,dna_images_pov
GFTK7900_part_5,dna_images_pov
GFTK7900_part_6,dna_images_pov
GGGD4060_part_1,dna_images_pov
GGGD4060_part_10,dna_images_pov
GGGD4060_part_11,dna_images_pov
GGGD4060_part_12,dna_images_pov
GGGD4060_part_2,dna_images_pov
GGGD4060_part_3,dna_images_pov
GGGD4060_part_4,dna_images_pov
GGGD4060_part_5,dna_images_pov
GGGD4060_part_6,dna_images_pov
GGGD4060_part_7,dna_images_pov
GGGD4060_part_8,dna_images_pov
GGGD4060_part_9,dna_images_pov
GGQB8658_part_1,dna_images_pov
GGQB8658_part_10,dna_images_pov
GGQB8658_part_11,dna_images_pov
GGQB8658_part_12,dna_images_pov
GGQB8658_part_2,dna_images_pov
GGQB8658_part_3,dna_images_pov
GGQB8658_part_4,dna_images_pov
GGQB8658_part_5,dna_images_pov
GGQB8658_part_6,dna_images_pov
GGQB8658_part_7,dna_images_pov
GGQB8658_part_8,dna_images_pov
GGQB8658_part_9,dna_images_pov
GVNK3001_part_1,dna_images_pov
GVNK3001_part_10,dna_images_pov
GVNK3001_part_11,dna_images_pov
GVNK3001_part_12,dna_images_pov
GVNK3001_part_2,dna_images_pov
GVNK3001_part_3,dna_images_pov
GVNK3001_part_4,dna_images_pov
GVNK3001_part_5,dna_images_pov
GVNK3001_part_6,dna_images_pov
GVNK3001_part_7,dna_images_pov
GVNK3001_part_8,dna_images_pov
GVNK3001_part_9,dna_images_pov
GXTB3749_part_1,dna_images_pov
GXTB3749_part_10,dna_images_pov
GXTB3749_part_11,dna_images_pov
GXTB3749_part_12,dna_images_pov
GXTB3749_part_2,dna_images_pov
GXTB3749_part_3,dna_images_pov
GXTB3749_part_4,dna_images_pov
GXTB3749_part_5,dna_images_pov
GXTB3749_part_6,dna_images_pov
GXTB3749_part_7,dna_images_pov
GXTB3749_part_8,dna_images_pov
GXTB3749_part_9,dna_images_pov
JNYP1457_part_1,dna_images_pov
JNYP1457_part_10,dna_images_pov
JNYP1457_part_2,dna_images_pov
JNYP1457_part_3,dna_images_pov
JNYP1457_part_4,dna_images_pov
JNYP1457_part_5,dna_images_pov
JNYP1457_part_6,dna_images_pov
JNYP1457_part_7,dna_images_pov
JNYP1457_part_8,dna_images_pov
JNYP1457_part_9,dna_images_pov
LGSP5787_part_1,dna_images_pov
LGSP5787_part_10,dna_images_pov
LGSP5787_part_11,dna_images_pov
LGSP5787_part_12,dna_images_pov
LGSP5787_part_2,dna_images_pov
LGSP5787_part_3,dna_images_pov
LGSP5787_part_4,dna_images_pov
LGSP5787_part_5,dna_images_pov
LGSP5787_part_6,dna_images_pov
LGSP5787_part_7,dna_images_pov
LGSP5787_part_8,dna_images_pov
LGSP5787_part_9,dna_images_pov
MPIO5209_part_1,dna_images_pov
MPIO5209_part_10,dna_images_pov
MPIO5209_part_11,dna_images_pov
MPIO5209_part_12,dna_images_pov
MPIO5209_part_2,dna_images_pov
MPIO5209_part_3,dna_images_pov
MPIO5209_part_4,dna_images_pov
MPIO5209_part_5,dna_images_pov
MPIO5209_part_6,dna_images_pov
MPIO5209_part_7,dna_images_pov
MPIO5209_part_8,dna_images_pov
MPIO5209_part_9,dna_images_pov
NTLS3785_part_1,dna_images_pov
NTLS3785_part_2,dna_images_pov
NTLS3785_part_3,dna_images_pov
NTLS3785_part_4,dna_images_pov
NTLS3785_part_5,dna_images_pov
PGCJ2399_part_1,dna_images_pov
PGCJ2399_part_10,dna_images_pov
PGCJ2399_part_11,dna_images_pov
PGCJ2399_part_12,dna_images_pov
PGCJ2399_part_2,dna_images_pov
PGCJ2399_part_3,dna_images_pov
PGCJ2399_part_4,dna_images_pov
PGCJ2399_part_5,dna_images_pov
PGCJ2399_part_6,dna_images_pov
PGCJ2399_part_7,dna_images_pov
PGCJ2399_part_8,dna_images_pov
PGCJ2399_part_9,dna_images_pov
PKGV1686_part_1,dna_images_pov
PKGV1686_part_10,dna_images_pov
PKGV1686_part_11,dna_images_pov
PKGV1686_part_12,dna_images_pov
PKGV1686_part_2,dna_images_pov
PKGV1686_part_3,dna_images_pov
PKGV1686_part_4,dna_images_pov
PKGV1686_part_5,dna_images_pov
PKGV1686_part_6,dna_images_pov
PKGV1686_part_7,dna_images_pov
PKGV1686_part_8,dna_images_pov
PKGV1686_part_9,dna_images_pov
QNHO4516_part_1,dna_images_pov
QNHO4516_part_2,dna_images_pov
QNHO4516_part_3,dna_images_pov
RKDT3696_part_1,dna_images_pov
RKDT3696_part_10,dna_images_pov
RKDT3696_part_11,dna_images_pov
RKDT3696_part_12,dna_images_pov
RKDT3696_part_2,dna_images_pov
RKDT3696_part_3,dna_images_pov
RKDT3696_part_4,dna_images_pov
RKDT3696_part_5,dna_images_pov
RKDT3696_part_6,dna_images_pov
RKDT3696_part_7,dna_images_pov
RKDT3696_part_8,dna_images_pov
RKDT3696_part_9,dna_images_pov
SONI1867_part_1,dna_images_pov
SONI1867_part_10,dna_images_pov
SONI1867_part_11,dna_images_pov
SONI1867_part_12,dna_images_pov
SONI1867_part_2,dna_images_pov
SONI1867_part_3,dna_images_pov
SONI1867_part_4,dna_images_pov
SONI1867_part_5,dna_images_pov
SONI1867_part_6,dna_images_pov
SONI1867_part_7,dna_images_pov
SONI1867_part_8,dna_images_pov
SONI1867_part_9,dna_images_pov
SUXB7362_part_1,dna_images_pov
SUXB7362_part_10,dna_images_pov
SUXB7362_part_11,dna_images_pov
SUXB7362_part_12,dna_images_pov
SUXB7362_part_2,dna_images_pov
SUXB7362_part_3,dna_images_pov
SUXB7362_part_4,dna_images_pov
SUXB7362_part_5,dna_images_pov
SUXB7362_part_6,dna_images_pov
SUXB7362_part_7,dna_images_pov
SUXB7362_part_8,dna_images_pov
SUXB7362_part_9,dna_images_pov
TMQU3625_part_1,dna_images_pov
TMQU3625_part_2,dna_images_pov
TMQU3625_part_3,dna_images_pov
TMQU3625_part_4,dna_images_pov
TMQU3625_part_5,dna_images_pov
TMQU3625_part_6,dna_images_pov
TMQU3625_part_7,dna_images_pov
TMQU3625_part_8,dna_images_pov
TOXJ4670_part_1,dna_images_pov
TOXJ4670_part_10,dna_images_pov
TOXJ4670_part_11,dna_images_pov
TOXJ4670_part_12,dna_images_pov
TOXJ4670_part_2,dna_images_pov
TOXJ4670_part_3,dna_images_pov
TOXJ4670_part_4,dna_images_pov
TOXJ4670_part_5,dna_images_pov
TOXJ4670_part_6,dna_images_pov
TOXJ4670_part_7,dna_images_pov
TOXJ4670_part_8,dna_images_pov
TOXJ4670_part_9,dna_images_pov
UAJO7998_part_1,dna_images_pov
UAJO7998_part_10,dna_images_pov
UAJO7998_part_11,dna_images_pov
UAJO7998_part_12,dna_images_pov
UAJO7998_part_2,dna_images_pov
UAJO7998_part_3,dna_images_pov
UAJO7998_part_4,dna_images_pov
UAJO7998_part_5,dna_images_pov
UAJO7998_part_6,dna_images_pov
UAJO7998_part_7,dna_images_pov
UAJO7998_part_8,dna_images_pov
UAJO7998_part_9,dna_images_pov
UWBQ4185_part_1,dna_images_pov
UWBQ4185_part_10,dna_images_pov
UWBQ4185_part_11,dna_images_pov
UWBQ4185_part_12,dna_images_pov
UWBQ4185_part_2,dna_images_pov
UWBQ4185_part_3,dna_images_pov
UWBQ4185_part_4,dna_images_pov
UWBQ4185_part_5,dna_images_pov
UWBQ4185_part_6,dna_images_pov
UWBQ4185_part_7,dna_images_pov
UWBQ4185_part_8,dna_images_pov
UWBQ4185_part_9,dna_images_pov
VSVX4492_part_1,dna_images_pov
VSVX4492_part_10,dna_images_pov
VSVX4492_part_11,dna_images_pov
VSVX4492_part_12,dna_images_pov
VSVX4492_part_2,dna_images_pov
VSVX4492_part_3,dna_images_pov
VSVX4492_part_4,dna_images_pov
VSVX4492_part_5,dna_images_pov
VSVX4492_part_6,dna_images_pov
VSVX4492_part_7,dna_images_pov
VSVX4492_part_8,dna_images_pov
VSVX4492_part_9,dna_images_pov
WJKB7845_part_1,dna_images_pov
WJKB7845_part_10,dna_images_pov
WJKB7845_part_11,dna_images_pov
WJKB7845_part_12,dna_images_pov
WJKB7845_part_2,dna_images_pov
WJKB7845_part_3,dna_images_pov
WJKB7845_part_4,dna_images_pov
WJKB7845_part_5,dna_images_pov
WJKB7845_part_6,dna_images_pov
WJKB7845_part_7,dna_images_pov
WJKB7845_part_8,dna_images_pov
WJKB7845_part_9,dna_images_pov
XBEN9916_part_1,dna_images_pov
XBEN9916_part_10,dna_images_pov
XBEN9916_part_11,dna_images_pov
XBEN9916_part_12,dna_images_pov
XBEN9916_part_2,dna_images_pov
XBEN9916_part_3,dna_images_pov
XBEN9916_part_4,dna_images_pov
XBEN9916_part_5,dna_images_pov
XBEN9916_part_6,dna_images_pov
XBEN9916_part_7,dna_images_pov
XBEN9916_part_8,dna_images_pov
XBEN9916_part_9,dna_images_pov
